{
  "run_id": "run-20260127-195844-001",
  "config": {
    "expansion_model": "gpt-5.2",
    "expansion_terms": 7,
    "deterministic_weight": 1.0,
    "semantic_weight": 0.0,
    "anchor_bonus": 1.0,
    "term_coverage_bonus": 0.1,
    "top_k": 30
  },
  "metrics": {
    "total_queries": 6,
    "avg_recall_at_k": {
      "1": 0.0,
      "2": 0.0,
      "5": 0.0,
      "10": 0.08333333333333333,
      "20": 0.08333333333333333,
      "30": 0.08333333333333333
    },
    "full_recall_rate_at_k": {
      "1": 0.0,
      "2": 0.0,
      "5": 0.0,
      "10": 0.0,
      "20": 0.0,
      "30": 0.0
    },
    "attribution": {
      "deterministic_only": 3,
      "semantic_only": 0,
      "both": 0,
      "neither": 25
    },
    "avg_latency_ms": 2060.593879832595,
    "p95_latency_ms": 5828.193494002335
  },
  "timestamp": "2026-01-27T19:58:56.797651",
  "duration_seconds": 12.364015244005714
}