{
  "run_id": "run-20260127-193910-002",
  "config": {
    "expansion_model": "gpt-5.2",
    "expansion_terms": 7,
    "deterministic_weight": 1.0,
    "semantic_weight": 0.0,
    "anchor_bonus": 1.0,
    "term_coverage_bonus": 0.1,
    "top_k": 30
  },
  "metrics": {
    "total_queries": 6,
    "avg_recall_at_k": {
      "1": 0.0,
      "2": 0.0,
      "5": 0.027777777777777776,
      "10": 0.027777777777777776,
      "20": 0.08333333333333333,
      "30": 0.08333333333333333
    },
    "full_recall_rate_at_k": {
      "1": 0.0,
      "2": 0.0,
      "5": 0.0,
      "10": 0.0,
      "20": 0.0,
      "30": 0.0
    },
    "attribution": {
      "deterministic_only": 3,
      "semantic_only": 0,
      "both": 0,
      "neither": 25
    },
    "avg_latency_ms": 1465.8300079997086,
    "p95_latency_ms": 2165.5597439967096
  },
  "timestamp": "2026-01-27T19:39:19.019703",
  "duration_seconds": 8.795385852994514
}