{
  "run_id": "run-20260127-195856-002",
  "config": {
    "expansion_model": "gpt-5.2",
    "expansion_terms": 7,
    "deterministic_weight": 1.0,
    "semantic_weight": 0.0,
    "anchor_bonus": 1.0,
    "term_coverage_bonus": 0.1,
    "top_k": 30
  },
  "metrics": {
    "total_queries": 6,
    "avg_recall_at_k": {
      "1": 0.05555555555555555,
      "2": 0.05555555555555555,
      "5": 0.1111111111111111,
      "10": 0.1111111111111111,
      "20": 0.13888888888888887,
      "30": 0.21428571428571427
    },
    "full_recall_rate_at_k": {
      "1": 0.0,
      "2": 0.0,
      "5": 0.0,
      "10": 0.0,
      "20": 0.0,
      "30": 0.0
    },
    "attribution": {
      "deterministic_only": 9,
      "semantic_only": 0,
      "both": 0,
      "neither": 19
    },
    "avg_latency_ms": 1602.9685340011686,
    "p95_latency_ms": 2042.463454999961
  },
  "timestamp": "2026-01-27T19:59:06.417653",
  "duration_seconds": 9.618196262003039
}