{
  "run_id": "run-20260127-195602-001",
  "config": {
    "expansion_model": "gpt-5.2",
    "expansion_terms": 7,
    "deterministic_weight": 1.0,
    "semantic_weight": 0.0,
    "anchor_bonus": 1.0,
    "term_coverage_bonus": 0.1,
    "top_k": 30
  },
  "metrics": {
    "total_queries": 6,
    "avg_recall_at_k": {
      "1": 0.0,
      "2": 0.0,
      "5": 0.027777777777777776,
      "10": 0.027777777777777776,
      "20": 0.027777777777777776,
      "30": 0.027777777777777776
    },
    "full_recall_rate_at_k": {
      "1": 0.0,
      "2": 0.0,
      "5": 0.0,
      "10": 0.0,
      "20": 0.0,
      "30": 0.0
    },
    "attribution": {
      "deterministic_only": 3,
      "semantic_only": 0,
      "both": 0,
      "neither": 25
    },
    "avg_latency_ms": 1624.7485796678423,
    "p95_latency_ms": 2206.0053019959014
  },
  "timestamp": "2026-01-27T19:56:12.170059",
  "duration_seconds": 9.748981165990699
}